word,count
custom,2
post,2
by,2
vlad:,1
your,1
unique,1
publish,1
text,1
content,3
published:,5
2025-03-26,3
21:43:44,1
----------------------------------------,6
news:,3
this,2
is,2
for,2
news,2
feed,2
city:,3
kyiv,3
21:48:31,1
21:50:04,1
new,1
metro,1
line,1
will,1
be,1
launched,1
soon!,1
2025-04-06,2
20:15:22,1
private,1
ad:,1
selling,1
bicycle.,1
good,1
condition.,1
contact,1
me.,1
expires:,1
2025-05-01,1
days,1
left:,1
24,1
alex,1
k.:,1
just,1
tried,1
coding,1
in,1
python,1
and,1
it's,1
awesome!,1
20:15:39,1
